id,parent_id,role,content,timestamp,model,model_name,chat_type,sources,suggestions,extra_data
c81049b2-ea8c-424e-9d8c-e8297a785f48,,user,"tell me about Life Gamification, tell me how to build a python program to gamify all the life, as a life coach",2025-05-10 06:56:04,,,t2t,,,"{""models"": [""qwen3-235b-a22b""], ""feature_config"": {""thinking_enabled"": false, ""output_schema"": ""phase""}, ""user_action"": """", ""done"": false}"
29257552-b54c-49a3-bf97-f9cd7f634851,c81049b2-ea8c-424e-9d8c-e8297a785f48,assistant,"Gamifying life is a powerful concept that applies game mechanics—such as points, levels, challenges, achievements, and rewards—to real-life activities to increase motivation, productivity, and engagement. As a **life coach**, you can help individuals turn their daily routines, goals, and habits into an interactive ""game"" that makes personal development fun and sustainable.

---

## 🎮 What Is Life Gamification?

**Life gamification** transforms everyday tasks into game-like experiences. It leverages the psychology behind games (e.g., instant feedback, progression systems, competition, storytelling) to make mundane or difficult tasks more enjoyable.

### 🔑 Core Game Elements Used in Life Gamification:
- **Points**: Earned for completing tasks.
- **Levels**: Represent progress over time.
- **Badges/Achievements**: Awarded for milestones.
- **Quests/Challenges**: Series of related tasks.
- **Leaderboards**: Encourage friendly competition.
- **Progress Bars**: Visual representation of task completion.
- **Avatars**: Personal identity in the system.
- **Power-Ups/Bonuses**: Rewards for consistency or extra effort.
- **Storytelling/Narrative**: Adds meaning and immersion.

---

## 🧠 Benefits of Gamifying Life
- Increases intrinsic motivation.
- Makes habit formation more engaging.
- Helps track progress visually.
- Encourages consistent behavior through reward loops.
- Can be tailored to individual personalities and goals.

---

## 💻 How to Build a Python Program to Gamify Life

We’ll build a simple **text-based life gamification system** using Python. This version will include:

- A user profile with stats.
- Task tracking with XP and leveling up.
- Achievements and badges.
- Daily quests and reminders.
- Optional: saving progress to a file or database.

---

## 🛠️ Step-by-Step: Python Life Gamification App

### 1. Define User Class

```python
class User:
    def __init__(self, name):
        self.name = name
        self.xp = 0
        self.level = 1
        self.tasks_completed = 0
        self.badges = []
    
    def add_xp(self, amount):
        self.xp += amount
        self.check_level_up()
    
    def check_level_up(self):
        xp_needed = self.level * 100
        if self.xp >= xp_needed:
            self.level += 1
            print(f""🎉 Level Up! You are now level {self.level}!"")
    
    def complete_task(self, task_name, xp_reward=10):
        self.add_xp(xp_reward)
        self.tasks_completed += 1
        self.unlock_badge(task_name)
        print(f""✅ Completed: '{task_name}' | +{xp_reward} XP"")
    
    def unlock_badge(self, task_name):
        badge_name = f""Badge: {task_name}""
        if badge_name not in self.badges:
            self.badges.append(badge_name)
            print(f""🎖️ New Badge Unlocked: {badge_name}"")
    
    def show_stats(self):
        print(""\n📊 Your Stats:"")
        print(f""Name: {self.name}"")
        print(f""XP: {self.xp}"")
        print(f""Level: {self.level}"")
        print(f""Tasks Completed: {self.tasks_completed}"")
        print(f""Badges: {', '.join(self.badges) if self.badges else 'None'}"")
```

---

### 2. Create a Simple CLI Interface

```python
def main():
    print(""🎮 Welcome to Life Gamifier!"")
    name = input(""What's your name? "")
    user = User(name)

    while True:
        print(""\nChoose an action:"")
        print(""1. Complete a task"")
        print(""2. View stats"")
        print(""3. Exit"")

        choice = input(""> "")

        if choice == ""1"":
            task = input(""Enter task name: "")
            user.complete_task(task)
        elif choice == ""2"":
            user.show_stats()
        elif choice == ""3"":
            print(""👋 Thanks for playing!"")
            break
        else:
            print(""❌ Invalid option."")

if __name__ == ""__main__"":
    main()
```

---

### 3. Example Output

```
🎮 Welcome to Life Gamifier!
What's your name? Alice

Choose an action:
1. Complete a task
2. View stats
3. Exit
> 1
Enter task name: Wake up early
✅ Completed: 'Wake up early' | +10 XP
🎖️ New Badge Unlocked: Badge: Wake up early

Choose an action:
> 2

📊 Your Stats:
Name: Alice
XP: 10
Level: 1
Tasks Completed: 1
Badges: Badge: Wake up early
```

---

## 🚀 Advanced Features You Can Add Later

| Feature | Description |
|--------|-------------|
| **Daily Streaks** | Reward consecutive days of activity. |
| **Quest Chains** | Multi-step tasks with bigger rewards. |
| **Custom Avatars** | Let users choose or design avatars. |
| **Reminders** | Use `schedule` or `APScheduler` for notifications. |
| **Save Progress** | Save/load user data using `pickle`, `json`, or SQLite. |
| **Leaderboard** | Compare with friends or other users. |
| **Mood Tracker** | Track emotional health alongside tasks. |
| **AI Coach** | Integrate AI suggestions (e.g., ChatGPT API). |

---

## 🧠 Tips for Using This as a Life Coach

As a **life coach**, you can customize this app for each client:

- **Tailor XP rewards** based on difficulty of tasks.
- **Create themed quests** (e.g., fitness month, financial challenge).
- **Use narrative elements** like character backstories or missions.
- **Incorporate habit stacking** by chaining small wins.
- **Review stats weekly** with clients to track progress.

---

## 📦 Libraries You Might Want to Explore

- `tkinter`: GUI interface for desktop apps.
- `pygame`: For building visual game interfaces.
- `schedule`: Scheduling daily reminders.
- `sqlite3`: Store user data locally.
- `gspread` / `firebase`: Cloud-based tracking.

---

## ✅ Final Thoughts

Gamifying life is not just about making things fun—it’s about creating **positive reinforcement loops** that lead to long-term change. By combining psychology, behavioral science, and programming, you can empower your clients to take control of their lives in an engaging way.

Would you like a **GUI version** or a **web app version** next?",2025-05-10 06:56:05,qwen3-235b-a22b,Qwen3-235B-A22B,t2t,{},{},"{""models"": [], ""feature_config"": {""thinking_enabled"": false, ""output_schema"": ""phase""}, ""user_action"": ""chat"", ""done"": true}"
